ts,open,high,low,close,vol
1782192300000,63438.3,63468.6,63365.2,63450.0,899.164
1782192600000,63450.0,63494.0,63411.9,63419.9,621.234
1782192900000,63419.9,63474.6,63360.3,63437.0,440.857
1782193200000,63437.0,63458.7,63350.0,63409.8,471.338
1782193500000,63409.9,63422.9,63322.0,63359.0,725.533
1782193800000,63358.9,63427.0,63337.9,63359.9,652.8
1782194100000,63360.0,63428.7,63336.7,63372.1,425.789
1782194400000,63372.0,63374.4,63310.2,63320.1,625.918
1782194700000,63320.1,63326.3,63086.0,63136.1,3087.011
1782195000000,63136.1,63194.9,63103.9,63184.6,770.891
1782195300000,63184.6,63259.4,62914.0,62998.5,2594.71
1782195600000,62998.4,63008.2,62532.4,62633.5,6019.133
1782195900000,62633.5,62744.8,62544.0,62740.0,3539.855
1782196200000,62740.0,62900.0,62638.4,62871.2,4032.929
1782196500000,62871.2,62899.9,62822.8,62875.4,795.732
1782196800000,62875.3,62962.8,62853.4,62913.3,2043.565
1782197100000,62913.2,63047.0,62876.9,62883.7,1061.725
1782197400000,62883.7,62938.9,62878.8,62920.0,371.95
1782197700000,62919.9,62948.9,62890.0,62905.5,499.843
1782198000000,62905.5,62944.0,62850.3,62915.4,665.895
1782198300000,62915.4,63000.0,62895.4,62998.2,431.349
1782198600000,62998.1,63036.9,62950.0,62998.4,551.717
1782198900000,62998.4,63009.9,62945.0,62999.9,460.606
1782199200000,62999.9,63070.1,62985.5,62993.7,456.279
1782199500000,62993.6,62993.7,62955.8,62966.3,183.931
1782199800000,62966.3,63003.6,62838.6,62913.8,804.962
1782200100000,62913.9,62987.8,62838.4,62958.5,568.359
1782200400000,62958.5,62975.4,62852.0,62863.2,345.223
1782200700000,62863.3,62960.6,62863.3,62930.1,427.674
1782201000000,62930.1,62943.5,62841.9,62897.9,436.705
1782201300000,62897.9,62947.7,62828.0,62849.2,527.775
1782201600000,62849.3,62916.5,62788.0,62803.6,797.817
1782201900000,62803.7,62832.8,62786.0,62800.9,555.85
1782202200000,62800.9,62856.1,62606.1,62638.8,1282.126
1782202500000,62638.8,62655.8,62363.3,62373.1,3542.164
1782202800000,62373.1,62499.2,62100.0,62209.0,4070.333
1782203100000,62209.0,62316.6,61870.0,61999.7,6875.815
1782203400000,61999.7,62324.6,61988.1,62304.7,3168.048
1782203700000,62304.8,62346.6,62260.1,62310.2,1513.112
1782204000000,62310.3,62423.2,62310.2,62350.1,1193.959
1782204300000,62350.1,62350.1,62272.3,62291.5,903.533
1782204600000,62291.5,62433.0,62286.7,62415.4,769.796
1782204900000,62415.4,62428.0,62325.0,62353.7,519.17
1782205200000,62353.6,62431.9,62349.7,62389.5,464.131
1782205500000,62389.6,62408.5,62313.3,62338.1,395.974
1782205800000,62338.1,62435.9,62324.0,62405.7,428.383
1782206100000,62405.8,62445.9,62405.7,62418.7,310.678
1782206400000,62418.8,62481.2,62410.4,62456.3,651.2
1782206700000,62456.3,62482.0,62440.0,62480.1,362.068
1782207000000,62480.0,62480.1,62433.1,62445.1,320.875
1782207300000,62445.0,62471.1,62379.2,62379.3,432.921
1782207600000,62379.3,62400.0,62309.0,62333.1,835.66
1782207900000,62333.1,62387.8,62313.3,62352.4,302.019
1782208200000,62352.4,62392.8,62340.1,62365.0,174.641
1782208500000,62365.0,62377.5,62338.7,62350.2,199.086
1782208800000,62350.3,62563.9,62350.2,62515.6,970.674
1782209100000,62515.5,62533.5,62400.0,62419.6,515.174
1782209400000,62419.5,62443.2,62411.9,62430.0,185.907
1782209700000,62430.0,62430.0,62365.8,62413.4,291.936
1782210000000,62413.4,62413.5,62331.1,62338.1,294.749
1782210300000,62338.2,62352.6,62282.5,62332.8,444.935
1782210600000,62332.8,62354.0,62251.8,62273.0,510.085
1782210900000,62273.0,62323.3,62260.0,62271.6,383.648
1782211200000,62271.6,62286.6,62207.1,62234.2,492.193
1782211500000,62234.2,62300.0,62215.3,62259.7,487.827
1782211800000,62259.7,62277.0,62218.1,62240.0,492.072
1782212100000,62240.0,62324.7,62239.8,62290.4,363.561
1782212400000,62290.4,62387.0,62289.2,62305.1,605.438
1782212700000,62305.0,62359.0,62291.0,62324.2,215.663
1782213000000,62324.1,62363.4,62324.1,62355.1,173.046
1782213300000,62355.1,62411.5,62355.0,62407.3,290.353
1782213600000,62407.3,62559.9,62359.9,62533.5,1066.547
1782213900000,62533.4,62533.5,62452.3,62515.1,575.259
1782214200000,62515.1,62600.0,62511.3,62514.5,1166.492
1782214500000,62514.4,62597.0,62510.2,62589.4,469.078
1782214800000,62589.3,62597.3,62533.1,62533.3,230.623
1782215100000,62533.2,62576.0,62413.7,62413.7,512.887
1782215400000,62413.7,62484.6,62390.5,62484.6,412.212
1782215700000,62484.6,62509.5,62450.0,62478.5,246.825
1782216000000,62478.4,62531.6,62436.6,62437.4,350.297
1782216300000,62437.5,62464.2,62420.4,62458.2,242.209
1782216600000,62458.2,62458.2,62356.9,62404.0,455.226
1782216900000,62404.0,62424.5,62362.6,62388.9,315.569
1782217200000,62388.9,62388.9,62338.2,62362.5,266.887
1782217500000,62362.6,62380.0,62308.2,62380.0,283.849
1782217800000,62380.0,62452.4,62308.6,62308.6,316.914
1782218100000,62308.5,62373.0,62268.5,62283.0,481.698
1782218400000,62283.0,62317.8,62268.4,62308.7,414.371
1782218700000,62308.7,62313.4,62272.8,62285.6,308.008
1782219000000,62285.6,62293.3,62157.0,62270.2,1980.597
1782219300000,62270.1,62307.2,62218.6,62227.9,465.854
1782219600000,62228.0,62260.7,62130.0,62173.7,1049.26
1782219900000,62173.6,62194.6,62083.3,62084.2,1156.482
1782220200000,62084.2,62187.8,62041.0,62154.9,1191.872
1782220500000,62154.9,62155.0,62070.0,62096.6,399.464
1782220800000,62096.6,62118.5,62043.6,62088.0,499.965
1782221100000,62088.0,62088.0,61978.0,62023.5,1081.368
1782221400000,62023.5,62431.3,61916.9,62288.0,3641.871
1782221700000,62288.0,62397.2,62196.0,62298.3,1468.348
1782222000000,62298.3,62406.2,62178.9,62366.0,1252.866
1782222300000,62365.9,62472.0,62236.8,62340.6,1336.86
1782222600000,62340.5,62513.4,62336.0,62399.8,1349.095
1782222900000,62399.8,62474.8,62322.0,62446.6,643.087
1782223200000,62446.5,62595.0,62402.3,62529.2,1879.498
1782223500000,62529.1,62555.1,62396.2,62539.7,490.431
1782223800000,62539.7,62734.8,62451.6,62702.5,1404.337
1782224100000,62702.5,62794.5,62626.8,62783.3,1953.008
1782224400000,62783.3,62837.1,62536.7,62555.3,1433.911
1782224700000,62555.4,62579.9,62420.4,62547.5,995.955
1782225000000,62547.6,62657.8,62422.2,62559.6,675.484
1782225300000,62559.7,62757.8,62500.1,62532.9,1052.455
1782225600000,62532.9,62591.9,62462.5,62488.2,729.13
1782225900000,62488.3,62557.4,62421.5,62538.5,929.386
1782226200000,62538.5,62581.9,62435.6,62498.5,565.562
1782226500000,62498.5,62562.3,62359.2,62462.8,2060.224
1782226800000,62462.8,62480.3,62378.2,62458.1,1117.834
1782227100000,62458.1,62471.6,62291.9,62324.5,1275.56
1782227400000,62324.5,62355.2,62280.0,62355.2,521.456
1782227700000,62355.1,62355.1,62210.3,62223.4,704.345
1782228000000,62223.4,62286.2,62212.0,62230.2,478.957
1782228300000,62230.2,62291.0,62161.2,62247.5,455.985
1782228600000,62247.4,62448.4,62247.4,62414.5,733.107
1782228900000,62414.5,62466.5,62284.0,62316.6,294.681
1782229200000,62316.6,62323.2,62242.0,62262.3,430.416
1782229500000,62262.3,62298.6,62171.2,62204.6,441.941
1782229800000,62204.6,62346.1,62174.2,62331.7,554.142
1782230100000,62331.8,62457.4,62295.1,62455.8,501.213
1782230400000,62455.9,62519.8,62393.4,62419.3,794.823
1782230700000,62419.3,62718.0,62419.3,62688.2,2496.88
1782231000000,62688.2,62812.2,62661.8,62759.0,2431.202
1782231300000,62758.9,62801.0,62595.0,62649.6,973.099
1782231600000,62649.6,62649.7,62550.0,62572.2,444.002
1782231900000,62572.2,62594.4,62541.1,62557.0,195.648
1782232200000,62557.0,62634.9,62550.0,62596.3,286.544
1782232500000,62596.3,62622.2,62550.0,62575.4,159.828
1782232800000,62575.4,62629.4,62569.3,62595.1,142.65
1782233100000,62595.2,62614.7,62541.2,62544.1,196.077
1782233400000,62544.1,62544.2,62474.5,62482.3,301.286
1782233700000,62482.3,62559.2,62458.4,62522.9,241.023
1782234000000,62522.9,62529.1,62437.6,62460.6,216.012
1782234300000,62460.7,62495.5,62340.0,62424.7,591.553
1782234600000,62424.8,62515.0,62390.0,62401.5,346.216
1782234900000,62401.4,62549.8,62400.0,62547.7,265.642
1782235200000,62547.7,62606.2,62539.4,62581.0,228.183
1782235500000,62581.1,62642.3,62578.1,62616.8,228.742
1782235800000,62616.8,62634.6,62466.6,62583.6,299.643
1782236100000,62583.6,62668.7,62547.1,62569.9,302.441
1782236400000,62569.9,62572.0,62478.4,62500.1,130.993
1782236700000,62500.1,62528.3,62450.7,62451.0,123.519
1782237000000,62451.1,62474.2,62366.0,62366.3,307.287
1782237300000,62366.4,62373.1,62301.7,62330.0,444.514
1782237600000,62330.0,62420.0,62330.0,62360.8,276.033
1782237900000,62360.8,62360.9,62242.2,62285.7,507.947
1782238200000,62285.7,62365.0,62285.6,62340.5,217.805
1782238500000,62340.5,62369.3,62291.6,62344.3,208.11
1782238800000,62344.2,62383.6,62308.8,62348.4,195.112
1782239100000,62348.4,62355.4,62312.0,62322.2,185.819
1782239400000,62322.2,62322.2,62260.9,62274.6,276.097
1782239700000,62274.5,62288.2,62222.0,62236.0,427.592
1782240000000,62236.1,62236.1,62118.4,62125.5,696.091
1782240300000,62125.5,62169.1,62075.6,62137.3,649.217
1782240600000,62137.2,62239.8,62133.9,62225.2,351.078
1782240900000,62225.2,62242.9,62190.4,62215.3,198.597
1782241200000,62215.3,62348.1,62201.3,62344.5,368.664
1782241500000,62344.6,62407.5,62280.0,62319.5,369.893
1782241800000,62319.6,62376.3,62291.0,62343.1,173.527
1782242100000,62343.0,62346.8,62276.4,62278.6,152.692
1782242400000,62278.7,62346.2,62225.0,62294.7,157.661
1782242700000,62294.8,62421.5,62277.2,62417.2,219.597
1782243000000,62417.2,62467.2,62367.7,62380.1,323.727
1782243300000,62380.1,62405.4,62302.0,62332.2,136.627
1782243600000,62332.2,62345.1,62272.9,62272.9,156.677
1782243900000,62273.0,62291.0,62250.0,62278.5,134.889
1782244200000,62278.4,62399.2,62272.0,62380.7,324.589
1782244500000,62380.7,62400.0,62322.8,62365.7,272.034
1782244800000,62365.7,62518.5,62365.7,62428.4,384.517
1782245100000,62428.5,62484.0,62421.5,62475.0,155.774
1782245400000,62475.1,62481.7,62406.6,62416.0,307.974
1782245700000,62416.1,62452.7,62383.6,62449.2,142.056
1782246000000,62449.2,62466.6,62406.6,62426.4,110.497
1782246300000,62426.4,62495.9,62390.6,62464.5,285.045
1782246600000,62464.5,62473.5,62428.0,62445.5,132.485
1782246900000,62445.5,62464.8,62420.1,62463.7,125.456
1782247200000,62463.7,62463.8,62435.0,62448.7,78.559
1782247500000,62448.7,62450.5,62397.1,62401.1,162.594
1782247800000,62401.2,62442.0,62344.2,62377.8,163.179
1782248100000,62377.7,62450.0,62377.7,62439.8,169.565
1782248400000,62439.9,62587.6,62439.9,62534.3,383.432
1782248700000,62534.3,62561.3,62491.5,62499.5,177.711
1782249000000,62499.6,62506.2,62460.6,62488.6,110.323
1782249300000,62488.5,62521.7,62434.9,62453.1,250.43
1782249600000,62453.2,62503.6,62450.3,62503.5,78.091
1782249900000,62503.5,62544.9,62487.4,62543.4,124.655
1782250200000,62543.4,62554.6,62523.4,62528.9,79.942
1782250500000,62528.9,62560.0,62523.4,62547.5,198.355
1782250800000,62547.4,62606.0,62530.4,62592.1,245.572
1782251100000,62592.0,62629.5,62585.0,62592.9,145.447
1782251400000,62592.8,62629.9,62571.9,62572.0,182.146
1782251700000,62572.0,62589.3,62550.0,62563.1,134.308
1782252000000,62563.1,62644.9,62553.0,62621.5,295.963
1782252300000,62621.5,62712.9,62606.6,62688.9,402.306
1782252600000,62688.9,62746.4,62671.2,62714.5,323.856
1782252900000,62714.4,62749.9,62686.1,62686.1,184.891
1782253200000,62686.1,62699.9,62526.5,62555.3,460.501
1782253500000,62555.4,62590.0,62526.3,62581.6,199.211
1782253800000,62581.7,62599.0,62533.3,62536.3,133.574
1782254100000,62536.4,62563.0,62501.1,62540.0,205.256
1782254400000,62540.0,62554.8,62515.7,62515.7,157.283
1782254700000,62515.7,62552.9,62508.5,62512.1,118.221
1782255000000,62512.1,62536.3,62488.1,62532.2,222.047
1782255300000,62532.3,62589.7,62528.0,62560.1,103.724
1782255600000,62560.1,62583.0,62463.7,62531.9,200.463
1782255900000,62532.0,62533.5,62473.0,62481.8,165.583
1782256200000,62481.9,62538.5,62478.7,62485.9,108.903
1782256500000,62486.0,62558.2,62486.0,62547.3,189.781
1782256800000,62547.2,62625.3,62521.1,62620.5,164.942
1782257100000,62620.6,62657.9,62607.0,62630.7,149.487
1782257400000,62630.8,62647.0,62608.0,62633.5,145.485
1782257700000,62633.4,62640.8,62562.4,62562.4,155.834
1782258000000,62562.4,62597.9,62562.4,62585.9,76.529
1782258300000,62585.8,62770.6,62579.8,62696.5,327.268
1782258600000,62696.5,62718.0,62677.8,62684.4,131.243
1782258900000,62684.4,62717.1,62684.3,62696.7,83.269
1782259200000,62696.7,62785.4,62696.7,62721.1,279.485
1782259500000,62721.1,62890.0,62700.2,62829.9,850.906
1782259800000,62830.0,62870.0,62781.0,62862.5,429.95
1782260100000,62862.6,62893.1,62811.0,62869.9,328.082
1782260400000,62869.8,62869.9,62790.0,62808.6,229.932
1782260700000,62808.6,62854.2,62781.2,62819.3,158.328
1782261000000,62819.3,62838.4,62762.8,62823.4,269.616
1782261300000,62823.4,62999.9,62823.4,62986.8,890.907
1782261600000,62986.8,62998.5,62920.0,62925.0,364.878
1782261900000,62925.0,62967.2,62866.8,62959.9,227.558
1782262200000,62960.0,62999.9,62930.0,62954.6,226.113
1782262500000,62954.6,62982.1,62904.0,62982.1,253.848
1782262800000,62982.1,62994.6,62871.7,62876.9,312.834
1782263100000,62876.9,62912.0,62815.1,62897.3,408.588
1782263400000,62897.3,62967.2,62882.5,62950.0,284.586
1782263700000,62950.0,62950.1,62737.0,62770.7,460.736
1782264000000,62770.8,62905.9,62753.3,62873.3,209.088
1782264300000,62873.2,62910.0,62847.0,62883.1,151.641
1782264600000,62883.2,63090.9,62881.8,63052.7,915.164
1782264900000,63052.8,63088.8,63004.0,63020.9,273.76
1782265200000,63020.9,63027.6,62900.0,62916.5,301.644
1782265500000,62916.6,62968.0,62911.9,62935.0,114.542
1782265800000,62935.0,62997.6,62927.2,62981.1,187.577
1782266100000,62981.0,62984.1,62899.0,62904.6,157.308
1782266400000,62904.6,62994.6,62820.0,62829.8,497.625
1782266700000,62829.8,62863.2,62776.0,62843.5,480.026
1782267000000,62843.5,62865.7,62819.9,62845.5,322.384
1782267300000,62845.6,62845.6,62739.7,62739.7,209.19
1782267600000,62739.8,62739.8,62641.2,62671.0,476.222
1782267900000,62671.0,62742.2,62670.9,62733.5,207.913
1782268200000,62733.4,62756.4,62672.9,62694.9,172.187
1782268500000,62694.9,62695.0,62572.1,62628.0,426.716
1782268800000,62628.1,62779.2,62623.0,62700.1,440.793
1782269100000,62700.1,62730.0,62662.7,62730.0,175.951
1782269400000,62730.0,62749.2,62580.8,62580.9,442.768
1782269700000,62580.9,62687.4,62574.5,62598.0,506.765
1782270000000,62598.0,62656.6,62563.2,62607.5,547.027
1782270300000,62607.5,62635.7,62523.9,62585.4,563.397
1782270600000,62585.5,62636.3,62555.8,62555.9,721.783
1782270900000,62555.9,62555.9,62402.8,62437.0,1069.959
1782271200000,62436.9,62547.7,62436.9,62529.3,349.658
1782271500000,62529.3,62647.9,62529.2,62642.5,354.501
1782271800000,62642.4,62738.6,62641.7,62719.2,438.785
1782272100000,62719.2,62800.0,62719.2,62788.1,288.178
1782272400000,62788.1,62796.5,62762.5,62771.2,228.296
1782272700000,62771.3,62804.0,62741.9,62741.9,216.89
1782273000000,62741.9,62770.0,62721.0,62728.2,206.807
1782273300000,62728.3,62736.5,62695.0,62704.6,126.105
1782273600000,62704.6,62729.0,62595.2,62625.2,638.119
1782273900000,62625.3,62645.7,62604.8,62608.7,162.235
1782274200000,62608.6,62652.6,62607.8,62639.9,172.356
1782274500000,62640.0,62672.7,62587.2,62613.6,177.015
1782274800000,62613.6,62620.0,62501.0,62501.0,219.83
1782275100000,62501.1,62595.2,62500.0,62564.4,199.613
1782275400000,62564.5,62723.4,62560.1,62662.9,394.653
1782275700000,62662.9,62699.3,62642.7,62642.7,137.679
1782276000000,62642.7,62656.0,62623.4,62629.8,85.786
1782276300000,62629.9,62762.3,62629.8,62753.4,229.498
1782276600000,62753.4,62779.9,62707.0,62727.8,249.282
1782276900000,62727.9,62758.0,62711.3,62720.6,130.952
1782277200000,62720.7,62789.8,62720.6,62740.7,193.674
1782277500000,62740.7,62797.0,62678.0,62797.0,176.613
1782277800000,62797.0,62818.0,62737.8,62759.7,238.638
1782278100000,62759.7,62847.0,62750.0,62808.1,223.008
1782278400000,62808.0,62842.1,62737.5,62842.0,277.214
1782278700000,62842.0,62862.9,62822.0,62848.5,227.068
1782279000000,62848.5,62888.0,62827.0,62869.2,245.047
1782279300000,62869.2,63053.5,62869.1,62934.0,1301.745
1782279600000,62934.1,62967.8,62881.8,62900.9,540.089
1782279900000,62900.9,62936.4,62871.7,62889.9,222.79
1782280200000,62889.9,62889.9,62830.0,62852.8,189.321
1782280500000,62852.9,62863.9,62835.0,62859.9,100.091
1782280800000,62859.8,62873.4,62735.2,62742.0,313.375
1782281100000,62742.0,62841.4,62742.0,62825.1,203.175
1782281400000,62825.0,62853.7,62779.9,62811.8,125.901
1782281700000,62811.5,62822.2,62757.5,62781.5,119.821
1782282000000,62781.5,62832.0,62760.0,62811.8,113.353
1782282300000,62811.8,62888.0,62800.0,62829.8,161.673
1782282600000,62829.8,62837.2,62789.5,62815.3,188.195
1782282900000,62815.3,62851.9,62804.6,62821.9,122.03
1782283200000,62821.9,62835.2,62756.8,62756.8,145.083
1782283500000,62756.8,62765.7,62700.0,62721.8,238.722
1782283800000,62721.7,62770.7,62708.9,62758.0,134.147
1782284100000,62758.1,62762.3,62742.0,62754.6,75.14
1782284400000,62754.7,62781.6,62691.2,62779.9,265.94
1782284700000,62779.9,62790.5,62656.5,62676.6,452.504
1782285000000,62676.6,62822.0,62667.7,62788.8,245.237
1782285300000,62788.7,62792.9,62709.5,62716.1,161.217
1782285600000,62716.0,62738.5,62678.4,62698.4,147.235
1782285900000,62698.4,62710.7,62640.0,62640.5,237.372
1782286200000,62640.5,62707.1,62629.9,62672.8,246.135
1782286500000,62672.7,62688.2,62600.8,62621.5,319.673
1782286800000,62621.4,62677.8,62621.4,62668.8,190.257
1782287100000,62668.7,62705.4,62600.4,62637.8,539.084
1782287400000,62637.8,62662.4,62570.8,62636.1,421.413
1782287700000,62636.0,62659.8,62600.0,62630.3,180.176
1782288000000,62630.4,62673.6,62605.8,62631.7,432.022
1782288300000,62631.8,62663.2,62584.7,62609.5,210.134
1782288600000,62609.6,62638.4,62574.0,62637.0,301.74
1782288900000,62637.0,62695.6,62613.2,62621.2,181.14
1782289200000,62621.2,62697.9,62616.6,62676.3,222.315
1782289500000,62676.2,62689.5,62654.0,62683.5,161.064
1782289800000,62683.5,62776.7,62645.3,62743.8,425.266
1782290100000,62743.9,62750.0,62685.1,62701.5,215.405
1782290400000,62701.5,62771.4,62680.2,62767.6,153.134
1782290700000,62767.6,62774.0,62722.1,62722.1,166.041
1782291000000,62722.2,62778.5,62714.0,62771.3,170.548
1782291300000,62771.2,62786.2,62759.6,62773.0,109.984
1782291600000,62773.0,62773.0,62650.1,62721.5,250.72
1782291900000,62721.5,62766.6,62687.4,62709.0,149.414
1782292200000,62709.0,62761.1,62686.3,62750.1,208.303
1782292500000,62750.1,62757.8,62667.7,62700.7,144.263
1782292800000,62700.6,62718.9,62677.0,62684.1,94.193
1782293100000,62684.1,62696.5,62650.0,62655.3,77.638
1782293400000,62655.3,62680.6,62613.9,62667.1,145.862
1782293700000,62667.0,62676.3,62630.2,62669.2,88.315
1782294000000,62669.2,62669.2,62609.1,62636.0,58.676
1782294300000,62635.9,62671.6,62608.6,62651.5,92.916
1782294600000,62651.4,62680.0,62645.5,62665.1,66.918
1782294900000,62665.2,62693.3,62650.0,62650.2,110.953
1782295200000,62650.2,62657.8,62572.2,62600.1,286.864
1782295500000,62600.0,62644.2,62582.6,62605.6,194.517
1782295800000,62605.6,62605.7,62528.7,62584.5,357.443
1782296100000,62584.4,62610.0,62509.9,62510.0,305.014
1782296400000,62509.9,62541.5,62426.1,62541.5,1030.942
1782296700000,62541.4,62554.8,62503.6,62515.7,168.379
1782297000000,62515.9,62575.3,62485.0,62557.7,275.651
1782297300000,62557.6,62572.2,62493.6,62572.2,226.076
1782297600000,62572.1,62600.0,62552.8,62569.3,254.415
1782297900000,62569.3,62574.0,62507.6,62520.0,135.985
1782298200000,62520.0,62520.0,62427.9,62451.3,421.612
1782298500000,62451.4,62457.7,62365.4,62416.8,673.84
1782298800000,62416.9,62450.0,62386.2,62402.2,588.303
1782299100000,62402.3,62412.4,62272.1,62291.8,953.295
1782299400000,62291.9,62395.9,62291.8,62349.5,686.927
1782299700000,62349.5,62378.2,62306.9,62334.7,488.592
1782300000000,62334.7,62390.0,62289.7,62390.0,331.266
1782300300000,62390.0,62390.0,62322.4,62351.8,295.146
1782300600000,62351.9,62461.3,62351.8,62432.4,399.867
1782300900000,62432.3,62608.9,62423.5,62604.7,814.797
1782301200000,62604.7,62728.9,62575.0,62706.7,653.564
1782301500000,62706.7,63209.6,62688.1,63070.5,3838.936
1782301800000,63070.5,63070.5,62871.0,62900.5,1452.281
1782302100000,62900.5,62900.6,62817.1,62887.7,927.775
1782302400000,62887.8,62939.3,62810.0,62909.2,796.048
1782302700000,62909.2,62922.9,62774.5,62871.7,687.677
1782303000000,62871.6,62880.0,62783.4,62800.0,384.512
1782303300000,62800.0,62874.6,62775.0,62779.8,495.728
1782303600000,62779.9,62795.2,62733.8,62747.9,362.513
1782303900000,62747.9,62807.8,62720.4,62790.0,301.477
1782304200000,62790.0,62827.3,62727.6,62814.0,290.407
1782304500000,62814.0,62874.0,62744.3,62838.0,337.81
1782304800000,62838.1,62865.6,62786.9,62812.9,212.386
1782305100000,62812.9,62829.0,62727.7,62727.7,175.766
1782305400000,62727.7,62748.6,62577.2,62617.4,901.089
1782305700000,62617.3,62641.2,62543.4,62589.5,459.571
1782306000000,62589.5,62604.0,62357.4,62360.0,1304.004
1782306300000,62360.0,62411.7,62117.1,62217.1,2891.139
1782306600000,62217.1,62218.6,61952.8,62012.7,2769.739
1782306900000,62012.6,62208.0,61972.9,62174.4,1969.629
1782307200000,62174.5,62179.0,61642.5,61795.7,5580.593
1782307500000,61795.7,61884.7,61765.2,61824.5,1537.655
1782307800000,61824.5,62127.5,61680.0,62007.3,3429.024
1782308100000,62007.3,62050.1,61808.8,61820.5,1699.045
1782308400000,61820.5,61835.4,61348.5,61464.2,4984.433
1782308700000,61464.2,61555.0,61254.7,61458.0,4798.891
1782309000000,61457.9,61624.7,61424.9,61461.4,2166.799
1782309300000,61461.5,61465.2,61220.7,61308.2,2341.819
1782309600000,61308.2,61382.7,61150.7,61255.8,2993.236
1782309900000,61255.7,61434.5,61255.0,61326.9,1705.35
1782310200000,61326.9,61414.5,61077.6,61211.1,2693.435
1782310500000,61211.0,61292.7,60900.0,60992.0,4272.717
1782310800000,60991.9,61267.0,60866.0,61215.7,3936.59
1782311100000,61215.6,61263.6,61150.0,61209.3,1281.09
1782311400000,61209.4,61354.7,61194.0,61295.0,2069.086
1782311700000,61295.0,61359.0,61080.2,61082.1,1417.126
1782312000000,61082.1,61177.1,61032.8,61132.8,1063.43
1782312300000,61132.8,61226.8,61089.0,61111.4,1234.51
1782312600000,61111.4,61159.1,60964.1,60970.1,1106.803
1782312900000,60970.0,61119.2,60915.0,61085.3,1210.499
1782313200000,61085.3,61096.3,60908.1,60917.5,1072.52
1782313500000,60917.4,60974.8,60815.1,60885.4,2014.322
1782313800000,60885.4,60981.4,60840.0,60871.8,1121.632
1782314100000,60871.9,60974.7,60836.0,60957.4,1393.126
1782314400000,60957.5,61128.9,60912.7,60921.7,1595.397
1782314700000,60921.7,60967.0,60800.0,60854.4,1787.61
1782315000000,60854.4,60860.0,60646.1,60747.7,2856.672
1782315300000,60747.6,60759.2,60600.0,60632.8,2142.268
1782315600000,60632.7,60649.8,60509.7,60549.9,2353.635
1782315900000,60549.9,60560.5,60333.0,60405.0,3630.585
1782316200000,60405.0,60513.0,60346.4,60354.4,2065.06
1782316500000,60354.3,60400.0,60238.0,60254.9,2520.175
1782316800000,60254.9,60363.8,60241.6,60266.3,2189.505
1782317100000,60266.3,60402.1,60193.0,60374.9,2068.065
1782317400000,60375.0,60529.9,60374.9,60492.3,2055.652
1782317700000,60492.2,60549.1,60421.6,60509.5,1393.84
1782318000000,60509.4,60649.1,60440.2,60584.9,1391.216
1782318300000,60584.9,60594.0,60388.5,60519.0,1809.648
1782318600000,60519.1,60539.1,60432.0,60488.9,834.317
1782318900000,60488.9,60537.2,60264.3,60277.9,1210.299
1782319200000,60277.9,60308.7,60113.2,60231.8,2048.072
1782319500000,60231.8,60231.8,59920.0,60049.0,4283.133
1782319800000,60049.0,60109.7,59260.0,59862.1,15477.03
1782320100000,59862.2,59924.1,59734.7,59808.2,3022.787
1782320400000,59808.3,60025.2,59765.0,59963.2,3041.73
1782320700000,59963.1,59963.2,59726.9,59893.4,2027.812
1782321000000,59893.3,59932.8,59670.0,59802.0,1609.372
1782321300000,59802.1,59840.2,59526.2,59562.1,2564.575
1782321600000,59562.2,59572.5,59300.0,59491.2,6567.784
1782321900000,59491.2,59760.0,59401.1,59645.3,2557.691
1782322200000,59645.3,59720.6,59475.4,59665.2,1630.115
1782322500000,59665.2,59665.2,59380.2,59439.4,1761.22
1782322800000,59439.3,59499.9,59226.5,59293.2,2383.69
1782323100000,59293.2,59448.7,59060.0,59355.0,5747.645
1782323400000,59354.9,59468.7,59313.8,59379.1,2324.879
1782323700000,59379.1,59464.5,59270.5,59363.7,1331.933
1782324000000,59363.6,59469.9,59269.4,59417.1,1265.885
1782324300000,59417.0,59560.0,59343.0,59502.1,1957.527
1782324600000,59502.1,59588.0,59460.1,59563.4,1424.79
1782324900000,59563.4,59748.0,59537.7,59728.5,2540.666
1782325200000,59728.4,59895.3,59700.0,59808.1,2483.338
1782325500000,59808.1,59895.3,59659.7,59677.9,1220.334
1782325800000,59678.0,59720.0,59607.9,59652.1,945.745
1782326100000,59652.0,59679.7,59532.6,59555.3,1017.547
1782326400000,59555.4,59555.4,59455.6,59528.1,959.376
1782326700000,59528.1,59577.0,59404.2,59426.1,872.887
1782327000000,59426.1,59522.9,59380.0,59520.0,878.899
1782327300000,59519.9,59617.8,59481.0,59569.5,657.696
1782327600000,59569.5,59682.1,59560.6,59655.0,1014.628
1782327900000,59655.0,59710.0,59572.0,59690.9,610.748
1782328200000,59690.8,59690.8,59484.7,59648.6,947.277
1782328500000,59648.5,59659.4,59558.2,59636.3,394.356
1782328800000,59636.3,59671.8,59569.3,59665.4,452.151
1782329100000,59665.3,59814.4,59664.9,59802.6,1151.467
1782329400000,59802.5,59819.1,59693.8,59812.7,544.153
1782329700000,59812.6,59879.1,59755.0,59804.3,586.151
1782330000000,59804.4,59860.7,59720.1,59752.7,307.629
1782330300000,59752.7,59835.8,59711.8,59774.5,411.198
1782330600000,59774.5,59883.8,59727.6,59829.7,678.427
1782330900000,59829.6,59973.3,59783.5,59923.8,791.384
1782331200000,59923.7,60290.9,59813.9,60211.9,3851.188
1782331500000,60211.9,60765.7,60192.2,60678.7,7903.273
1782331800000,60678.7,60800.0,60616.4,60648.7,1794.831
1782332100000,60648.6,60756.2,60556.5,60700.1,1339.269
1782332400000,60700.0,60800.0,60599.9,60617.4,1761.241
1782332700000,60617.3,60767.9,60610.6,60745.0,1140.233
1782333000000,60744.9,60885.4,60650.0,60678.0,1547.853
1782333300000,60678.0,60865.6,60661.0,60818.3,772.758
1782333600000,60818.4,60898.4,60813.4,60845.4,796.617
1782333900000,60845.4,61153.5,60837.6,61144.3,2801.536
1782334200000,61144.2,61188.0,60957.2,60965.5,2133.089
1782334500000,60965.5,61015.2,60892.1,60926.5,1111.757
1782334800000,60926.5,60996.0,60711.8,60732.7,1341.283
1782335100000,60732.6,60765.0,60698.4,60749.6,654.13
1782335400000,60749.6,60840.6,60633.1,60691.4,959.02
1782335700000,60691.3,60833.0,60650.8,60811.2,429.996
1782336000000,60811.3,60880.0,60755.1,60794.9,320.011
1782336300000,60795.0,60832.7,60775.8,60822.3,182.473
1782336600000,60822.2,60896.4,60762.7,60851.8,296.042
1782336900000,60851.7,61075.7,60825.6,61049.3,858.703
1782337200000,61049.3,61110.4,61024.4,61058.1,323.572
1782337500000,61058.1,61115.2,60969.9,61035.5,648.61
1782337800000,61035.5,61035.5,61004.0,61004.1,490.509
1782338100000,61004.0,61088.0,61004.0,61073.6,304.288
1782338400000,61073.6,61256.0,61005.0,61011.7,1406.536
1782338700000,61011.7,61085.0,61004.0,61038.4,336.755
1782339000000,61038.3,61086.0,60971.0,60973.4,744.931
1782339300000,60973.3,60988.0,60891.0,60902.3,769.438
1782339600000,60902.3,60939.2,60869.7,60883.1,249.731
1782339900000,60883.2,60900.0,60851.3,60858.3,324.4
1782340200000,60858.3,60932.2,60858.3,60886.0,310.104
1782340500000,60885.9,60918.2,60806.0,60809.1,472.135
1782340800000,60809.1,60899.3,60752.8,60894.4,530.805
1782341100000,60894.3,60894.4,60791.4,60803.4,236.746
1782341400000,60803.4,60846.2,60789.1,60827.7,227.104
1782341700000,60827.7,60869.9,60827.7,60850.2,147.827
1782342000000,60850.3,60857.9,60799.9,60857.9,185.618
