side_bear,box_range_pct,box_len,bars_since_box,wick_atr,pierce_atr,body_atr,atr_pct,vol_surge,ret_5,ret_20,label,symbol,tf,ts
1,0.011012812690665081,11,3,0.6127735596248443,0.8066100937918491,0.20634211701655095,0.002412923527890334,1.1462737652842714,0.008613080926438865,0.005613715672887265,0,BNB/USDT,15m,1779793200000
0,0.010463356423540448,13,1,1.332992065523447,1.1609930893268678,0.22037368825186182,0.0027062259127191564,3.223227854226322,-0.006555718792900067,-0.006124858443967929,1,ETH/USDT,15m,1779856200000
0,0.007334039014063241,15,1,0.9767441860465351,0.6186046511627863,0.09767441860463906,0.0023203358551247364,2.5917517145570064,-0.005484598046581413,-0.004437424789410227,1,XRP/USDT,15m,1779856200000
1,0.012328013208585394,19,11,0.7033492822966726,0.46889952153113496,0.13397129186601306,0.0032502877048925603,1.0363993544004189,0.0022913256955809924,0.0045931758530184386,0,AVAX/USDT,15m,1779865200000
1,0.007580978635423741,18,9,0.543689320388392,0.2530967525946146,0.2671576832942474,0.0032460616914730595,2.04448161344691,0.007263922518159882,0.0028378749504134326,0,BNB/USDT,15m,1779895800000
1,0.0176426426426426,13,1,1.3664383561644005,0.7431506849315119,0.02397260273970421,0.005146099890733498,3.6780693641331,0.002101619483248829,-0.0006164468006411017,0,SOL/USDT,15m,1779977700000
1,0.015727391874180954,11,4,0.3962264150943332,0.13207547169809886,0.7924528301886847,0.006558188455113522,1.0231477108628433,-0.0012975778546712169,-0.0017293558149590327,0,ADA/USDT,15m,1779980400000
1,0.020145686319144047,14,5,0.46009389671361967,0.06572769953053795,0.2464788732394443,0.006808048199702792,0.9369285963718779,0.007551848512173054,0.008916478555304863,0,LINK/USDT,15m,1779984900000
0,0.0049304399711082286,8,1,1.212871287128704,0.7537128712871394,0.13861386138611229,0.0018109567365125025,2.263660233914759,-0.0037979431715170486,-0.006205466423437334,0,BNB/USDT,15m,1780019100000
1,0.008901676257192877,10,15,1.2601036269429868,0.9264248704663245,0.05803108808289575,0.0023952541699761775,1.6788191860209656,0.0013471260482480485,0.0037171016572492555,1,ETH/USDT,15m,1780035300000
1,0.016358157554885913,26,1,1.1475409836065569,0.9180327868852391,0.11475409836064294,0.0036956258330304178,2.5399638466441825,0.003831417624521105,0.005543710021322035,1,ADA/USDT,15m,1780035300000
1,0.01024386514792436,11,1,0.5678627145085678,0.3276131045241943,0.3931357254290234,0.0034675639416626904,1.3399879632739533,0.002657756853216009,0.007400625619897738,0,XRP/USDT,15m,1780042500000
0,0.00718530863809322,16,9,1.6156862745097693,0.525490196078402,0.1254901960784962,0.0020002823928083864,2.3198789067519447,-0.0033772691026784374,-0.0015038300672024496,0,BNB/USDT,15m,1780055100000
0,0.021775544388609736,15,1,0.8045977011494401,0.6436781609195378,0.3218390804597689,0.005200239091452505,2.041155573433231,-0.009121061359867233,-0.004995836802664466,0,DOT/USDT,15m,1780057800000
0,0.009518259518259558,24,7,0.8456375838926403,0.37583892617448456,0.18791946308720892,0.0020653710737157495,2.1804610062725955,-0.0025164537359658734,0.00019409937888203999,0,LTC/USDT,15m,1780057800000
0,0.011178831276708559,29,2,0.720602872174011,0.851983506327304,0.16920233186405034,0.0025135326194562504,1.621960682786853,-0.0038080996884736207,-0.00395207670916109,0,ETH/USDT,15m,1780058700000
0,0.015615394073527555,39,12,0.7507886435331301,0.35331230283910897,0.13249211356467372,0.002779970183285102,1.2062973209456949,-0.004522121730628048,-0.008882939888050667,0,SOL/USDT,15m,1780058700000
0,0.015451865406119827,33,3,1.1023622047244024,1.1023622047244024,0.3858267716535466,0.003683454906680976,3.077764683312546,-0.003540360105199314,-0.01074512954408513,0,DOGE/USDT,15m,1780061400000
0,0.01662361001909465,40,16,0.9475982532751339,1.6506550218340816,1.0698689956331457,0.0036695777581924258,2.0441414946292897,-0.0003363982955819633,-0.01087318317985142,0,LINK/USDT,15m,1780061400000
0,0.016993315962388168,42,5,1.065539112050734,1.3615221987314907,0.5031712473572809,0.0038245092014618618,1.6810920777958527,-0.0012436404748447094,-0.011635712687402266,0,AVAX/USDT,15m,1780061400000
0,0.005543132499763758,7,1,1.1184573002755187,0.555371900826468,0.37796143250689457,0.0020376407824540576,1.9113091279180128,-0.0004398919122728939,-0.002539742263192535,0,BNB/USDT,15m,1780061400000
0,0.010248937926811304,51,3,1.0813059033989154,1.8332737030411752,1.2296958855099016,0.002180843416808124,3.3649400985638387,-0.0008022495732931123,-0.007316851666352542,0,BTC/USDT,15m,1780061400000
1,0.00591828942344397,13,1,0.8672566371681595,0.37168141592922377,0.9911504424778714,0.0015353678089078254,1.7118040204607277,0.0,0.0028615032430370224,0,LTC/USDT,15m,1780140600000
0,0.008602561651691756,16,6,0.5463414634146252,0.6146341463414897,0.13658536585368056,0.0027987112276102967,0.521453028222528,0.002490898639586181,-0.004566210045662156,1,LTC/USDT,15m,1780162200000
1,0.012414800389484058,62,1,1.0232558139534669,0.8837209302325335,1.2093023255814,0.002593799010737163,2.7413994276964657,-0.0009642039291309912,-0.001325301204819218,1,SOL/USDT,15m,1780193700000
1,0.013979903888160781,29,1,0.7352941176470679,0.41176470588233294,1.1470588235294008,0.0036820446177171394,1.8749176629389286,0.00021663778162928082,-0.003130735182986011,1,LINK/USDT,15m,1780193700000
1,0.01246910806560331,57,2,0.6930693069307339,0.8316831683168561,1.1782178217821306,0.0032124171053259606,2.3217940501134735,0.0014492753623187582,-0.00244308717379238,0,AVAX/USDT,15m,1780193700000
1,0.016548132525002188,98,1,1.2056644162687342,0.8322081343651998,1.219496130413296,0.002140006385133493,4.169335723204619,-0.0004290152374377687,-0.0011776763804437484,1,ETH/USDT,15m,1780193700000
0,0.01137270550678374,20,1,1.0835913312693333,0.47678018575850184,0.13003095975232962,0.002297722196138726,1.965449376972588,-0.0033746898263028458,-0.004165426956263096,1,DOGE/USDT,15m,1780212600000
0,0.010474631751227505,7,5,0.7201646090535072,0.31687242798351656,0.6337448559670843,0.0037819245793970758,2.4022763422070432,-0.0069241588228929896,-0.0066017316017316086,1,LINK/USDT,15m,1780222500000
0,0.0071138792069024405,25,6,1.3740458015267505,0.5343511450381996,1.4503816793893385,0.001868385771743141,2.104840626318973,-0.0035246297717518305,-0.002702548930359594,0,TRX/USDT,15m,1780308900000
0,0.02839918437306071,40,1,0.8319672131147777,0.32633196721310553,0.10040983606556467,0.0041100880342114015,1.5380379761189458,-0.005598792302393352,-0.015182964887579198,0,BNB/USDT,15m,1780394400000
0,0.012686200687510288,7,4,0.7946336429308618,0.1589267285861852,0.20227038183695423,0.005638179025275824,2.5916829479676773,-0.003733160201266017,-0.011753340846884508,0,XRP/USDT,15m,1780499700000
0,0.01407267380802356,13,1,0.4425287356321838,0.32183908045976484,0.7643678160919487,0.005217704210147509,1.6885789500804322,-0.002303664921465942,-0.010591900311526459,0,LTC/USDT,15m,1780500600000
0,0.01915313116139334,17,1,0.5912005306212885,0.5619359636604776,0.26028581191084094,0.00537319938475984,2.7538144707375065,-0.010499559401504044,-0.01745110215141621,0,BTC/USDT,15m,1780502400000
0,0.026363636363636284,14,3,0.6322580645161213,0.5419354838709697,0.0,0.010055793434540002,0.9507330852726679,-0.0143240823634736,-0.015205724508050245,0,DOT/USDT,15m,1780505100000
0,0.024639140651225352,29,7,0.5758354755783983,0.5302485004284282,0.36469580119965134,0.0069753763834197935,1.4892514388107472,0.002130014759157417,-0.0088579248569296,0,BNB/USDT,15m,1780632000000
0,0.04455741626794265,37,1,0.9856985698569861,0.7238723872387218,0.4774477447744807,0.00963903970139125,2.459690426292014,0.00133789207670576,-0.01721622410271384,0,SOL/USDT,15m,1780632000000
0,0.02242606974654773,28,5,0.6938999370289857,0.27357858173027216,0.39387352982997753,0.0055958642279130616,1.044226592266389,0.004042469901175183,-0.011533433902192303,1,BTC/USDT,15m,1780632000000
0,0.03001210165389279,32,8,0.6764134780125667,1.4167904054825824,0.771559109080532,0.007205862139634881,2.1502172038812377,0.007037759056836013,-0.01393575803024616,0,ETH/USDT,15m,1780632900000
0,0.03408801831595023,47,8,0.6074380165289229,0.99793388429752,0.5640495867768551,0.008781160419463696,1.4692845718134118,0.012863390789812135,-0.007437287280978255,0,LINK/USDT,15m,1780632900000
0,0.04841833440929618,10,4,0.5243445692883899,0.3146067415730427,0.2097378277153618,0.012248830167905313,1.1010959271035714,-0.017045454545454586,-0.026266416510318802,0,ADA/USDT,15m,1780714800000
1,0.006776257999749013,14,13,0.5450612833453864,0.7671232876712659,0.3936553713049733,0.0030887429016813505,1.196946671635016,3.117790110351848e-05,0.004604109245802901,1,TRX/USDT,15m,1780730100000
0,0.019705603038936502,7,1,0.9629629629629536,0.5925925925925787,0.18518518518520058,0.006387508871540113,2.177278004380323,-0.013535589264877412,-0.004474799811587271,0,LTC/USDT,15m,1780758900000
0,0.023526155549404792,15,4,0.5537403267412065,0.08426483233019813,0.02407566638004897,0.007635241596638645,0.73040169885374,-0.0022925263640530824,0.0036900369003689537,0,XRP/USDT,15m,1780767000000
1,0.035062977506647115,51,1,1.105612438376959,0.9888130451270398,0.4233978005308815,0.004711549370766082,1.4478142659982514,0.0032246529106569888,0.021717184624821195,0,ETH/USDT,15m,1780808400000
1,0.045659163987138235,70,1,0.6331658291457353,0.28140703517588667,0.4924623115577919,0.008768837578214532,2.046079090720398,0.0062073246430789375,0.0062073246430789375,0,ADA/USDT,15m,1780813800000
0,0.029772591262716912,31,12,0.5918097754293284,0.2034346103038337,0.24042272126816264,0.008048738995449304,0.7539177241198644,0.008860189217600345,-0.006947524020694762,0,AVAX/USDT,15m,1780843500000
0,0.009893992932862193,20,8,0.6621621621621284,0.34684684684684586,0.15765765765764128,0.0019477528459564265,0.455582567386205,0.0019075162292712111,-0.006680087847730665,0,TRX/USDT,15m,1780866000000
0,0.028100775193798368,29,10,0.5769230769230691,0.23076923076923858,0.5769230769230964,0.0062847474014986965,1.0787155403728665,-0.006006727534838996,-0.015468824369348044,1,LTC/USDT,15m,1780867800000
1,0.0031584434699947115,7,3,0.5384615384615767,0.46666666666673307,0.43076923076926144,0.0017045305548028492,0.7739956919363361,-0.0003058478101296558,0.0006428899433643664,1,TRX/USDT,15m,1780893900000
1,0.015575381823680592,7,1,0.9865067466266981,0.5667166416791626,0.44077961019490014,0.007115122034476881,1.6387926286114691,0.006009615384615419,0.022290076335877762,0,AVAX/USDT,15m,1780914600000
1,0.023071504050722086,12,1,0.7436489607390614,0.46882217090071654,0.1454965357967518,0.00533619244799365,1.4801143172736722,0.01302106091060029,0.016574585635358963,1,XRP/USDT,15m,1780918200000
1,0.022782874617736922,13,1,0.5243445692883995,0.3670411985018759,0.13108614232209054,0.00570744533036914,1.3285008203541766,0.014574161226658555,0.01704458986455637,1,SOL/USDT,15m,1780918200000
1,0.02400835073068896,13,1,0.4565217391304348,0.4565217391304348,0.15217391304347827,0.006705539358600589,1.6382996024842613,0.016597510373443924,0.017653167185877505,1,DOT/USDT,15m,1780918200000
1,0.01920584423235528,13,1,0.715654952076679,0.670926517571904,0.11182108626196849,0.005170477071494649,1.6329601417183954,0.01335833138036091,0.014309171944639987,1,DOGE/USDT,15m,1780918200000
1,0.008804761904761859,10,4,0.5784385260853845,0.24452754469173701,2.4459139000364747,0.0049974099068045025,4.86704983903582,-0.007089963013709455,-0.005942091958908047,0,BTC/USDT,15m,1780920000000
1,0.022825416409623746,12,4,0.5114155251141528,1.662100456621001,1.726027397260281,0.009486268734297832,1.662218010679868,0.0036518563603165077,0.019159456118664986,0,ADA/USDT,15m,1780920000000
1,0.028761587829807485,26,4,0.6086956521739043,0.5681159420289851,0.4869565217391465,0.005710975004138416,0.6918207864279174,0.008648901355773564,0.011723329425556761,0,LTC/USDT,15m,1780924500000
1,0.018556701030927852,7,1,0.5137614678899083,0.3853211009174312,0.25688073394495414,0.007904278462654105,1.0276376783249581,0.008188331627430934,0.02178423236514515,0,DOT/USDT,15m,1780931700000
0,0.007527344230060243,31,11,1.2165517241379629,0.3475862068965761,0.23172413793105073,0.0015888600093797605,2.176552358891992,-0.0008277130594727122,-0.001378760953489766,1,TRX/USDT,15m,1780934400000
0,0.024801244382993387,18,1,0.945736434108528,0.8372093023255941,0.062015503875996705,0.005570429225321693,2.719543513017864,-0.010764630499786598,-0.018229608275394327,0,XRP/USDT,15m,1780965000000
0,0.019063386037957524,18,1,0.5988275881412475,0.4452921212801202,0.08167615628419468,0.004063089397539579,2.5503631210614466,-0.006949098565976031,-0.012176497751776538,0,BTC/USDT,15m,1780965000000
0,0.017561374270880094,30,2,0.9172230101352609,1.3511363243280665,0.44408315749419275,0.003308856940953797,2.993374448979471,-0.0034492615226893175,-0.008627591772413234,0,BTC/USDT,15m,1781011800000
0,0.03701456310679608,30,1,0.5025641025640859,0.4307692307692222,0.14358974358974738,0.008446677640128235,2.215687063250792,-0.01610978520286399,-0.012574850299401308,1,ADA/USDT,15m,1781015400000
0,0.017523087852237794,27,3,0.5617283950617096,0.8641975308641805,0.8209876543210098,0.005464665204924937,1.6423829362193048,-0.0056351256163419405,-0.0018854584020739917,0,LTC/USDT,15m,1781016300000
0,0.01139433807118523,16,4,0.44817073170732125,0.7896341463414539,0.384146341463414,0.00550289405251237,1.3403701835861623,-0.006069802731411111,-0.0028106335636490787,0,DOGE/USDT,15m,1781017200000
0,0.020084566596194522,8,1,0.6666666666666666,0.5,0.0,0.006335797254487862,0.944724312188641,-0.009414225941422605,-0.010449320794148398,0,DOT/USDT,15m,1781059500000
0,0.013644396007659631,9,12,0.871739556775855,1.2039615610904044,0.4955873700725483,0.004481809951569392,1.9980115548996091,-0.0025591143132429606,-0.010574248023035748,0,ETH/USDT,15m,1781068500000
0,0.012195879152301456,12,14,1.1368757553311466,0.5032162488791676,0.4721063506296027,0.0029838874035305668,1.3540275879338854,0.0027205774286787054,-0.0032675972203509707,0,BTC/USDT,15m,1781073000000
0,0.020749578524186244,11,14,0.9480812641083327,1.2641083521444716,0.37923250564335553,0.00410253560778648,1.5581204046630077,0.002078731973496062,-0.009248554913294793,0,LINK/USDT,15m,1781073000000
0,0.02267504213267959,19,6,0.7298578199052218,1.1943127962085476,0.7630331753554405,0.0046118202482951535,1.2864456439005572,0.004456738896572832,-0.013731703636638004,0,AVAX/USDT,15m,1781073000000
0,0.012502355765685326,21,1,1.479399354678572,1.4272772400099198,0.6258997269793922,0.003763343687432315,3.723965161112359,-0.006587931921997137,-0.004300074217783667,1,BTC/USDT,15m,1781082900000
1,0.0045797245934326965,7,15,0.5523520485583906,1.125948406676742,1.1471927162367026,0.0014610288835876857,2.1978426594234457,0.000559006211180213,0.0007143966454419282,0,TRX/USDT,15m,1781087400000
0,0.011945392491467486,8,1,0.9090909090908915,0.11363636363636144,0.8863636363636515,0.00574937932836795,2.632512074522482,-0.005328827657915314,-0.006619937694704037,0,LINK/USDT,15m,1781089200000
1,0.02366978193146418,14,13,0.6711190264173372,0.19842683288810556,1.449243098842389,0.005874926323645846,4.486718755896589,0.013867316819613507,-0.0010974003804321564,0,ETH/USDT,15m,1781094600000
1,0.020704685797312165,15,4,0.4225900681596712,0.5180136319376546,0.19084712755599714,0.006530503236636964,1.320521744674927,0.00582020057306587,0.015366537105667488,0,XRP/USDT,15m,1781100900000
1,0.032196969696969654,14,5,0.48275862068965286,0.30172413793103514,0.06034482758621707,0.010160287290882006,1.002481558343166,0.0074119827053737986,0.018102372034956238,0,ADA/USDT,15m,1781101800000
0,0.006601071117200183,31,1,0.5111111111111176,0.40000000000002117,0.9111111111111387,0.001399166718487687,0.6126874088239982,-0.003902378592665956,-0.0033467616981716075,0,TRX/USDT,15m,1781115300000
0,0.019859841560024325,26,1,0.6380119799255451,0.3388376234418026,0.5972154767686583,0.005351587239015882,1.8044436959033896,0.0001455718852165777,-0.004479783617998723,0,ETH/USDT,15m,1781187300000
1,0.017052313883299922,27,1,0.6904959822665381,0.5508451094485791,0.15904682737603454,0.004255294062161059,1.787386669323503,0.011757632440376753,0.009044422606059532,1,BNB/USDT,15m,1781200800000
1,0.0210074003342087,27,8,0.6979472140762497,0.2052785923753538,0.24633431085041874,0.0057109361915927285,0.6842613339446453,0.0018792576932111782,0.005185010605703422,1,LTC/USDT,15m,1781206200000
1,0.026097271648872995,14,1,1.0218978102189797,0.6131386861314049,0.5109489051094899,0.005686062920229098,1.8714100726369065,0.007611241217798659,0.004670169293636839,1,ADA/USDT,15m,1781238600000
1,0.015778401122019683,15,6,0.958174904942961,0.4790874524714805,0.31939163498097467,0.004338001220578302,1.4536408522201092,-0.004024839006439573,0.007327285415212881,1,DOGE/USDT,15m,1781244000000
1,0.02094717668488175,34,3,0.6810810810810578,0.2648648648648409,0.037837837837857456,0.003936337716498547,0.7200900898337931,0.004037685060565233,0.0061441630451071205,1,SOL/USDT,15m,1781258400000
1,0.028076463560334587,9,6,0.4790874524714899,0.5323193916349822,1.0114068441064574,0.011030953779045366,2.115047152657532,0.000587544065804968,-0.005257009345794317,0,ADA/USDT,15m,1781279100000
1,0.012987091325853524,55,12,0.9580886819194546,1.8849969629480043,1.0091111561044663,0.002101115603474079,3.2141094117293045,0.0006436387041406366,0.0027950978284241312,0,ETH/USDT,15m,1781364600000
1,0.01323418200151242,27,1,1.0294117647059182,0.617647058823551,2.230392156862721,0.003630603854847045,2.2100560381783665,0.007531065645788759,0.00664660145472773,1,LINK/USDT,15m,1781386200000
0,0.00524370597340239,20,3,1.5041322314048884,0.4628099173553626,0.0867768595042208,0.0010908222185160086,1.270858003302976,-0.0036467666383728226,-0.000567626375705621,0,TRX/USDT,15m,1781387100000
0,0.004705882352941076,9,1,1.171314741035826,0.7808764940239104,0.11155378486061525,0.0026330696766884067,1.5220741611650672,-0.0011735367463693303,-0.010319767441860361,0,SOL/USDT,15m,1781428500000
0,0.008742839915586347,12,1,1.1666666666666545,0.8888888888888843,0.1111111111110982,0.0027104351754254044,2.2616769201153732,-0.0024034850533273255,-0.009101760668457137,0,AVAX/USDT,15m,1781428500000
0,0.005428446734860987,9,16,0.5992828328103517,0.24159569699685604,0.06275212909010823,0.0019038971434715837,0.4558877889559081,-0.0006507074204524788,-0.002615586272640691,0,ETH/USDT,15m,1781435700000
0,0.017782426778242693,16,10,0.4444444444444444,0.2222222222222222,0.8888888888888888,0.004702194357366776,1.9187247105566412,0.0010460251046024993,-0.010341261633919352,0,DOT/USDT,15m,1781455500000
0,0.012451823302697947,11,13,0.576470588235298,0.20588235294116528,0.0,0.0035952204716083237,0.5475873780127192,-0.0014781966001479185,-0.004274764150943522,0,SOL/USDT,15m,1781458200000
0,0.005628795733965244,11,8,0.7329842931937092,0.6596858638743773,0.0,0.002020565335138774,0.6250610022090269,-0.0025114492539518585,-0.002953337271116463,1,AVAX/USDT,5m,1781516700000
1,0.00623929532664548,16,7,0.46445497630329907,0.26540284360186833,0.3981042654028615,0.0018330611252041435,1.5910843304328564,0.005011612272338484,0.0029275433032445175,0,LINK/USDT,5m,1781517900000
1,0.01056729699666303,11,14,0.6511627906976503,0.16279069767440127,0.16279069767444646,0.0033863600567018304,1.5129053321105543,0.0005515719801434393,0.0022099447513812542,1,ADA/USDT,5m,1781518500000
1,0.005890831609951897,12,1,0.5699115044247941,0.37168141592915976,0.3221238938053543,0.0012574669052515476,1.610539927711661,0.0013103706476973453,0.002843483423429216,0,TRX/USDT,15m,1781528400000
0,0.005750738482810628,9,6,0.5106382978723764,0.3617021276595802,0.7872340425531484,0.0014749262536873223,1.2529195585738424,0.0021384992766841915,-0.0037827867571200713,0,TRX/USDT,15m,1781571600000
1,0.009909711517287005,42,13,0.5147058823529772,0.926470588235315,0.8235294117646758,0.002120097275051476,1.131617023079008,0.00087374399300999,0.0,1,LTC/USDT,5m,1781574600000
0,0.015900056785917074,24,7,0.6542056074766369,0.523364485981324,0.13084112149534918,0.004337603372790655,1.5125853149335704,0.0022753128555175195,-0.008441193021947124,0,ADA/USDT,5m,1781578500000
0,0.012678755712811353,20,12,0.9756097560975464,1.0731707317073358,0.29268292682928126,0.0030204803300427096,0.9780258868229315,0.0031037540644398565,-0.008762961881115916,0,AVAX/USDT,5m,1781580000000
1,0.0022381237587869632,15,6,1.147540983606467,1.7595628415301707,1.2240437158474078,0.00041123225858642683,0.885116513698805,-0.0005345407665943158,0.001701752174461113,1,TRX/USDT,5m,1781591700000
1,0.008024580384722193,34,8,0.6806282722514039,0.7015706806283483,0.05235602094236074,0.0015484394000810707,0.8196451850592302,-0.0011822245254907715,0.003367605908765725,0,BNB/USDT,5m,1781596200000
1,0.012498985471958511,19,1,0.543689320388288,0.40776699029121594,0.5097087378640954,0.00236260207358474,1.7393332453892196,0.006626798125100919,0.0031408552790528343,0,XRP/USDT,5m,1781612400000
0,0.007836990595611226,7,12,1.108910891089129,0.748514851485173,0.22178217821779622,0.0043422930746874625,2.7091650857943232,-0.008947745168217502,0.0013259402121506003,0,LINK/USDT,5m,1781615400000
0,0.011811023622047254,22,9,1.6231884057970989,1.2173913043478242,0.4057971014492747,0.004841425764804952,2.4194157053111955,-0.005859375,0.0,0,DOT/USDT,5m,1781615400000
1,0.009543619234063307,8,1,0.5400593471810138,0.4154302670623126,0.2077151335311194,0.0029202266858459505,1.1729012290118428,0.007209188660801669,0.007086133170433717,0,LINK/USDT,5m,1781632200000
1,0.006635996557887058,9,13,0.45410036719704133,0.49694002447984176,0.29130966952267257,0.0019196428571428474,2.096973105073944,-9.86744729137845e-05,0.0049919005586960274,0,BNB/USDT,5m,1781635800000
0,0.004790101877214299,11,13,0.48130898394403504,0.37749724230910586,1.1436450545410206,0.0017743729997799192,1.496749673417218,-0.001849237740252696,-0.0014167923335116628,0,BTC/USDT,5m,1781636400000
1,0.0020578737415311832,11,1,0.7266435986158778,0.6297577854669866,0.145328719723068,0.0006522435825099049,1.7832690558425386,0.0010437753036436348,0.00240712000760146,0,TRX/USDT,5m,1781650200000
0,0.011859323882224708,50,1,1.2788461538461482,0.5384615384615311,0.13461538461535885,0.0020216550356705327,1.9942446906811555,-0.00203693644758296,-0.002984669651336258,0,SOL/USDT,5m,1781656200000
0,0.005050505050504918,7,1,0.8967971530249624,0.7473309608541353,0.3487544483985493,0.0027360180713506244,2.356376294871657,0.00040910950497741183,-0.00312542465008836,1,SOL/USDT,5m,1781659200000
0,0.011668868339938378,28,1,0.7832167832167628,0.3916083916083814,0.3916083916083814,0.0022468732323549854,2.9379521443019576,-0.0043802014892684316,-0.005033924272269563,1,LTC/USDT,5m,1781659200000
0,0.01049562682215741,20,1,1.4141414141414126,1.272727272727287,0.4242424242424159,0.004120879120879129,3.1089192045356087,-0.0017452006980802626,-0.006369426751592244,1,ADA/USDT,5m,1781659200000
0,0.005983234732066974,53,1,1.0605908863295352,0.8863294942413842,0.3044566850274906,0.0015236412355150702,4.25406518600588,-0.0022168290209714225,-0.0023383479936790463,1,BTC/USDT,5m,1781659200000
0,0.01397786837507288,13,3,0.6901408450704264,0.5915492957746356,0.4929577464788721,0.005886742392836434,1.3684440235392414,0.0005807200929153211,-0.014302059496567487,0,ADA/USDT,15m,1781659800000
1,0.009431792040487707,65,3,0.44055944055947543,0.34265734265734715,0.04895104895103018,0.002328307662248842,1.816320350128335,0.0071166207529842485,0.005270394133822132,0,DOGE/USDT,5m,1781661300000
1,0.0035374824365649827,19,13,0.6047269763652232,0.39934800326001396,0.06845965770164997,0.0014442260384420565,1.4663873093080033,-0.0010041813452738024,0.0013530683299507462,0,BNB/USDT,5m,1781662500000
1,0.015440640932265094,14,11,0.929687499999994,0.3281249999999879,0.02734374999998482,0.005262833295643777,0.8270697395353016,0.0011525716755511617,0.010469681547186305,1,AVAX/USDT,15m,1781671500000
1,0.019782393669634045,16,11,0.7291666666666505,0.2916666666666667,0.14583333333334952,0.0066768674363611134,0.7897444725666656,0.004892367906066397,0.01382033563672258,1,DOT/USDT,15m,1781671500000
0,0.010471204188481652,13,1,0.643678160919513,0.4827586206896459,0.3218390804597788,0.003608760577401698,1.3903748517269943,-0.0028951939779965352,-0.0028951939779965352,0,ADA/USDT,5m,1781673600000
0,0.007766725711949764,15,3,0.9372384937239069,1.5230125523012759,0.7029288702928261,0.002325490882908143,3.334180246038645,-0.003664495114006683,-0.005554050392847398,0,SOL/USDT,5m,1781677800000
0,0.0084990510768215,17,1,1.40804597701144,1.2068965517241041,0.040229885057467156,0.0020502427298863955,3.7118780850050577,-0.005658984663331479,-0.004270696452036815,0,XRP/USDT,5m,1781677800000
0,0.012745098039215589,9,3,0.6666666666666631,0.33333333333333154,0.16666666666664728,0.0058708414872798795,1.1960476280894243,-0.0029268292682925745,-0.0009775171065492527,1,DOT/USDT,15m,1781677800000
0,0.00857331281600353,31,1,1.016129032258027,0.7903225806451678,0.3387096774193691,0.0019449149883932412,1.3621011616588061,-0.0019723865877713243,-0.004807692307692291,0,LTC/USDT,5m,1781677800000
0,0.009906759906759948,10,1,1.0632911392404814,0.8860759493670842,0.0,0.0032864631000915413,2.6685229197344973,-0.0057903879559930704,-0.006365740740740811,0,ADA/USDT,5m,1781677800000
0,0.011764705882352951,19,1,1.018181818181812,0.509090909090906,0.25454545454542477,0.0038440033547665906,1.8394011222273499,-0.005836575875486361,-0.008729388942773864,1,DOT/USDT,5m,1781678400000
0,0.027598355842630543,23,1,0.9589041095890419,0.1917808219178137,0.0,0.006095015446272022,2.453579245522098,-0.0017502917152858455,-0.018359150889271425,0,ADA/USDT,15m,1781682300000
0,0.01723280861640425,43,1,0.8698224852071413,0.4970414201183796,0.2071005917159532,0.003994516403517071,2.0688646900444043,-0.0018166804293971994,-0.007960607304062228,0,XRP/USDT,15m,1781682300000
0,0.018191765832307458,40,2,0.831967213114737,0.5163934426229332,0.1434426229508125,0.004760604050415545,2.735730992273869,-0.0012276633474287424,-0.010540540540540544,0,SOL/USDT,15m,1781682300000
0,0.010157746160277169,38,1,1.8173598553345174,1.3737191078963156,0.015069318866787043,0.0025326697606253353,5.194511145140053,-0.001563867049961476,-0.005597159369511107,0,BTC/USDT,15m,1781682300000
0,0.0070546737213403946,14,13,0.5562913907285012,0.6490066225165628,0.2781456953642506,0.002376755021091719,0.883594130181492,0.0011030222810501922,-0.0030755711775044547,0,LTC/USDT,5m,1781688900000
0,0.006433007985802998,11,13,0.4964539007091903,0.7943262411347327,0.3971631205674369,0.0022336279821309818,1.422439745293828,0.0022227161591465983,-0.004196113074204866,0,LTC/USDT,5m,1781697600000
0,0.007833284067395793,11,8,0.9032258064515971,0.15053763440860696,0.8530465949820911,0.0029315344849325606,1.7398178338822408,-0.0030796304443466704,-0.0027871497726272842,1,AVAX/USDT,5m,1781699400000
0,0.011933174224343686,23,1,0.8235294117647138,0.49411764705881916,0.6588235294117437,0.003609648377781521,1.6522171009142779,-0.004733727810651067,-0.004733727810651067,0,ADA/USDT,5m,1781699400000
1,0.027577937649880053,8,7,0.37234042553191443,0.5212765957446843,0.6702127659574543,0.007866767093480644,0.6465236066188814,-0.009860788863109038,0.010657193605683846,0,ADA/USDT,15m,1781717400000
0,0.01065697091273821,30,1,0.9140893470790511,0.48109965635738183,0.2886597938144035,0.002603095089006152,1.6785475990036327,-0.0021244688827793956,-0.006099078914612921,1,LINK/USDT,5m,1781782800000
0,0.0048890624204254085,23,1,0.5702875399360774,0.45846645367420114,0.5702875399360774,0.0015178738127972187,1.871724088750101,-0.0006784605729600601,-0.002387483490805753,1,BNB/USDT,5m,1781782800000
1,0.003611738148984202,8,1,0.6021505376344064,0.22580645161291077,0.5268817204300805,0.0019957509817807337,0.8912329712849907,-0.0009004952723998816,0.0037696019300361705,0,AVAX/USDT,5m,1781788200000
1,0.01832789354757719,9,1,0.5263157894736721,0.3421052631578915,0.15789473684211097,0.0046884639111659555,1.8361056220356515,0.010724529243047787,0.007207655026717941,1,LINK/USDT,15m,1781788500000
1,0.007371018913780915,12,6,0.5761908523579927,0.4390552176316943,0.05308476182956083,0.001405882294145797,1.2683184708910151,-0.0004569055681870049,0.005790805395785803,0,BTC/USDT,5m,1781788800000
1,0.003601749421147399,8,1,0.9940828402366673,0.7041420118343328,0.6627218934911422,0.002064197772132112,1.1572085464921946,0.0018845297241734116,0.006973740852346033,1,XRP/USDT,5m,1781789100000
1,0.005926705838399635,18,1,1.112328767123312,0.575342465753347,0.2045662100456248,0.0013217007572922659,1.267364252537032,0.0009472099592360284,0.004771121977723336,1,BNB/USDT,5m,1781789100000
0,0.012409020403293156,9,1,0.9315068493150921,0.7945205479452054,0.4383561643835459,0.004344203761009263,3.9337950548073755,-0.007207845917523326,-0.011878160649182568,0,DOGE/USDT,15m,1781790300000
0,0.008558183763223565,14,2,1.4921630094044265,2.6771159874608252,1.3605015673980854,0.002707106366367373,5.141289137221285,-0.005905279319711854,-0.0037874304651438484,0,DOGE/USDT,5m,1781790300000
0,0.00827925066740317,48,9,0.4970676810905047,2.163575844032322,2.294499920748156,0.002588547697140345,3.427748724649276,-0.004301001469890098,-0.0009755481719947445,0,ETH/USDT,5m,1781790300000
1,0.0068290462098792885,11,4,1.245762711864416,0.17796610169492258,0.47457627118643214,0.0038268201718825883,1.4829309602071472,-0.0029425079221367945,-0.0042947558770344285,1,LTC/USDT,15m,1781792100000
1,0.00683060109289611,14,9,0.5730994152046851,0.3274853801169546,0.9824561403508639,0.002764038405586246,1.1896095348584352,0.004318181818181666,0.0020408163265306367,1,LTC/USDT,5m,1781792400000
0,0.00460128005535369,8,12,0.7231160033869728,0.3674851820491792,0.3437764606266776,0.0014584568267140953,1.2720075766774326,0.0004151100041511757,-0.0029305292191001975,1,BNB/USDT,5m,1781826300000
1,0.011706715958102359,35,8,0.5526315789473609,0.3684210526315399,0.36842105263159103,0.003308087403151375,0.8510850511819026,0.0,0.0055147058823528106,0,ADA/USDT,5m,1781831700000
1,0.010319657689403567,29,9,0.6546762589927975,0.20143884892084013,0.05035971223018767,0.0024765705733528253,1.2860657471139543,0.0007488766849725881,0.0026259847442791084,1,LINK/USDT,5m,1781832000000
0,0.010068723030206268,35,1,0.8203125000000246,0.710937499999989,0.1093749999999871,0.002921507315180449,2.218888472926522,-0.005876747141041916,-0.006823230720406137,0,AVAX/USDT,5m,1781836200000
0,0.014882000704473528,18,1,1.0832116788320847,0.63357664233574,0.16350364963506334,0.004300278733395288,2.41275055383452,-0.00879867584284344,-0.0040266106442578,0,XRP/USDT,15m,1781841600000
0,0.00601972556429944,64,15,0.39979602243752405,0.19146075749849414,0.0,0.0024557250006944373,0.44555830226850696,-3.9843748754875286e-05,-0.00269265005086472,0,BTC/USDT,5m,1781842800000
0,0.0016833967204937493,8,1,1.1555555555554216,0.9333333333332346,0.9777777777777213,0.0007013059875947104,2.3454330631313396,-0.0004673188360645453,-0.0002492910784954727,0,TRX/USDT,5m,1781842800000
0,0.017364905889495894,8,1,0.7883495145631028,0.7067961165048819,0.35339805825244097,0.004465369541844416,1.4711629049169008,-0.008783539886896952,-0.012703739213806409,0,DOGE/USDT,15m,1781843400000
0,0.01926163723916523,8,9,0.49822064056936505,0.24911032028468252,0.1494661921708237,0.005849170500197768,0.6252309488870387,0.001751569113997764,-0.015492755702194771,0,SOL/USDT,15m,1781850600000
1,0.00410164957646024,7,5,0.7916666666666755,0.2083333333333113,0.12499999999998679,0.0021339023739663813,0.760258135564529,0.0016029922522040607,0.00017785682525572888,0,XRP/USDT,5m,1781866500000
0,0.008429926238145424,12,7,0.5833333333333334,0.2916666666666667,0.2916666666666667,0.0036090225563909805,0.5228130593550115,0.0010537407797681642,-0.004192872117400381,1,DOT/USDT,5m,1781867100000
1,0.004878048780487775,10,5,0.5407725321888884,0.42060085836910766,0.3605150214591756,0.0020202545694169623,0.853100131249435,0.001215362177928947,0.000972053462940492,1,DOGE/USDT,5m,1781868000000
1,0.003774837909159169,17,4,0.3581201665674813,1.0826888756692175,0.7495538370017732,0.0020905984011461392,1.9549371263193656,0.0016917522716570765,0.0019189170330053962,0,BNB/USDT,5m,1781874300000
1,0.006807964033397551,18,8,0.4162162162162207,0.3783783783783702,0.15135135135133462,0.0033722816675477146,0.5266729361051428,-0.002037437921813323,0.0020457741976729338,0,LINK/USDT,5m,1781875200000
0,0.006312697271789812,34,13,0.8057553956834298,0.3525179856114947,0.7721822541966785,0.0018600958150074276,3.2233446773898486,-0.007438170210128381,-0.0009981907792125932,0,TRX/USDT,15m,1781875800000
0,0.006883226663446457,11,1,0.5887850467290114,0.5233644859812829,0.5233644859812829,0.0018438738583491441,2.4222849296710076,-0.0036057692307691624,-0.0014454348349794977,1,DOGE/USDT,5m,1781888700000
0,0.008706467661691619,7,7,0.6363636363636257,0.42424242424243674,0.2121212121212478,0.002929947616088074,0.5159976513779662,0.004369538077403146,-0.0049474335188621765,1,ADA/USDT,5m,1781889900000
0,0.009365244536940695,7,13,0.8571428571428571,0.2857142857142857,0.0,0.0036344755970924227,1.1852076704246484,0.005219206680584509,-0.0010373443983402453,0,DOT/USDT,5m,1781891100000
1,0.003997162187884029,23,3,0.9715302491102953,0.7099644128113152,0.049822064056894655,0.001384212587467691,1.268433607020679,0.0022810140144118307,0.0012601850573126239,0,BNB/USDT,5m,1781899200000
1,0.001768319166097783,9,14,0.4334365325076833,1.083591331269449,0.7368421052631579,0.0007145290523530937,3.551533165970861,-0.0005571547961742418,0.00037178176410446184,0,TRX/USDT,5m,1781906400000
1,0.006378768067286376,33,1,0.971547536433027,0.5003469812629957,0.004857737682160718,0.0012054784436026891,1.7958933871525196,0.0038326788779421417,0.0016952234586078418,0,ETH/USDT,5m,1781907900000
1,0.0068322981366459,8,1,0.7924528301887387,0.26415094339627065,0.5283018867923948,0.002341196218747239,1.5174445233489915,0.0031017369727046606,0.006849315068493178,0,ADA/USDT,5m,1781912100000
1,0.008254926327001477,43,1,1.9804878048780716,1.434146341463473,1.1609756097561736,0.0012900059151490161,4.2289096444845455,8.810572687223406e-05,0.0019419189690175198,0,XRP/USDT,5m,1781913300000
1,0.004684137232561073,12,2,0.7336244541484419,1.283842794759814,2.4454148471615635,0.002069214782687277,6.2250883612408305,-0.0032782751229353257,-0.0017678999873720347,0,LINK/USDT,5m,1781913600000
1,0.0025701359590185845,12,2,1.0994035785288796,1.9019218025182834,0.8721007289595193,0.0012618175189439893,2.584203347162266,0.000597399554878697,0.0004450534649753646,0,ETH/USDT,5m,1781913600000
1,0.011422904926723732,16,1,1.247717199765018,0.8387889144016554,0.1098948042933005,0.002104019241883426,2.8521731390183533,0.004525258653925279,0.009556355182631426,0,BTC/USDT,15m,1781915400000
1,0.012370784612777562,24,1,1.2828685258963999,1.1155378486055565,0.1673306772908434,0.003002607842668127,1.9486468636726668,0.0036981005210960927,0.0042045072317524745,0,AVAX/USDT,5m,1781930400000
1,0.020021074815595383,34,6,0.6666666666666666,0.4444444444444444,0.2222222222222222,0.004658385093167706,1.1768581460370149,-0.004123711340206171,0.006250000000000089,1,DOT/USDT,15m,1781936100000
0,0.010416666666666676,9,1,0.6,0.2,0.2,0.005197505197505202,2.1096113140041095,-0.0041407867494823725,0.008385744234800763,1,DOT/USDT,15m,1781942400000
1,0.005295587978840974,36,14,1.930610452349506,1.0390865173472814,0.8669301712780484,0.0009420106984614232,3.8662377144845674,0.0004925537463058571,-9.84525574500017e-05,1,ETH/USDT,5m,1781956200000
0,0.005044843049327346,18,15,1.2788461538461398,0.5384615384615274,0.2692307692308116,0.0020787942993064005,2.131138887335527,-0.003763590744354506,-0.00013989927252389123,0,SOL/USDT,5m,1781959800000
1,0.01010101010101019,13,4,1.3275862068965678,0.3318965517241315,1.8405172413792898,0.003961139852140251,4.229382268072869,0.003598416696653395,-0.0054677285153929,0,DOGE/USDT,15m,1781966700000
1,0.00821952453211931,12,7,1.627906976744175,0.38477801268498585,1.9830866807611012,0.004259956409748373,5.242882941539656,0.00634437254155551,-0.004018585960065324,0,LINK/USDT,15m,1781966700000
1,0.013626834381551375,12,4,1.037037037037037,0.345679012345679,1.5555555555555556,0.006008010680907882,3.493835636633475,0.004171011470281538,-0.006191950464396245,0,DOT/USDT,15m,1781966700000
1,0.013248058474189087,54,6,0.45714285714284825,0.34285714285715646,0.914285714285737,0.003946774921064494,2.1303983602831034,0.012791228871630977,0.0024869997739092042,1,LTC/USDT,15m,1781968500000
0,0.018633540372670822,28,11,0.5562913907284669,0.27814569536423345,0.09271523178806924,0.006682598690033636,0.7616008931780022,-0.0073800738007380184,-0.009208103130755041,0,ADA/USDT,15m,1781973000000
0,0.008019740900678567,27,1,1.0243902439025245,0.6829268292683182,0.3414634146341117,0.0018055310903646136,1.9950831337157269,-0.0006161429451632117,-0.005518087063151378,1,ADA/USDT,5m,1782010800000
1,0.007230436043041574,20,1,1.0861209964413252,0.747330960854101,0.06975088967965265,0.0017002768849475082,1.8668092831325018,0.0017991106283310465,0.0032294251623210535,0,BNB/USDT,15m,1782011700000
1,0.010143294155530466,43,1,0.9333333333333412,0.5333333333333294,0.06666666666662917,0.002393107849393766,1.912398773284576,0.004487179487179471,0.005776636713735517,1,AVAX/USDT,5m,1782016500000
0,0.004651914441712651,36,1,1.0110537951363368,0.974944731024241,1.7022844509947976,0.0011188218484388158,3.4424810521364915,-0.0033476942899378637,-0.0017514244727002692,0,ETH/USDT,5m,1782017400000
0,0.008290155440414516,32,5,0.823529411764706,0.411764705882353,0.411764705882353,0.002514049097900032,1.9643628094626187,-0.006172839506172867,-0.004123711340206171,0,DOT/USDT,5m,1782017700000
0,0.008608909538125108,12,16,1.0500000000000436,0.8750000000000777,0.1749999999999658,0.0015608537870214951,1.0495473419286196,0.00205282605720547,-0.003131381892443885,0,SOL/USDT,5m,1782023400000
0,0.008907077515647623,29,1,1.6239999999999997,1.4559999999999864,0.5039999999999624,0.00214861543221547,3.5217712659489906,-0.0027597792176624614,-0.006692960439823037,0,DOGE/USDT,15m,1782030600000
1,0.011261261261261262,19,1,0.9333333333333665,0.1555555555555795,0.3111111111111038,0.0028724626579854527,1.7100871297210154,-0.0008928571428571397,0.005390835579514697,0,LTC/USDT,15m,1782032400000
0,0.010366724324073396,40,1,2.0983555207517512,1.2344557556773448,1.0919342208300762,0.0026411975524764757,5.187260202147055,-0.0038306218991577268,-0.0048811973052563795,0,ETH/USDT,15m,1782040500000
1,0.023060796645702417,44,1,1.419103313840172,0.7095516569200738,0.9551656920077787,0.0057997557997557896,3.1607492107099397,0.005250596658711082,0.004770992366412097,1,AVAX/USDT,15m,1782051300000
1,0.00880791505791516,19,7,0.7342657342657174,0.19580419580418676,0.6853146853146876,0.002446535500427729,1.202758045147106,0.001439194051331416,0.0019198464122871517,1,DOGE/USDT,15m,1782066600000
0,0.007346742141394669,8,16,0.32627118644071595,0.5338983050847855,0.44491525423728007,0.004056585936022828,0.760167642316613,0.01057879377431914,-0.005742313673884336,1,DOGE/USDT,15m,1782089100000
1,0.010352812968260525,28,1,0.5694915254236851,0.4745762711864155,0.9016949152542973,0.002841730083806944,2.287753628229405,0.007746670290839974,0.002297918356312545,0,SOL/USDT,5m,1782112200000
1,0.013637092892668052,10,1,0.9517543859649039,0.6140350877193131,0.030701754385975197,0.005164329882896549,1.4989591551995436,0.007829977628635465,0.007507987220447321,0,AVAX/USDT,15m,1782126900000
1,0.013637092892668052,33,1,1.4708171206225775,1.089494163424151,0.2178988326848012,0.0029105982015447647,3.0917021171682033,0.005099601593625547,0.009766250400256249,0,AVAX/USDT,5m,1782127500000
1,0.005679563879473258,22,1,1.2274094002215905,0.723373951574651,0.1993986390251629,0.001403100677081004,4.429092027413665,0.00307922094930424,0.0038915423708449914,0,BTC/USDT,5m,1782127500000
1,0.010471204188481685,23,1,0.717948717948718,0.358974358974359,0.358974358974359,0.002889745109662125,2.4927289733962885,0.005213764337852034,0.005213764337852034,0,DOT/USDT,5m,1782127500000
1,0.011904761904761986,16,1,1.2173913043477966,0.6086956521738983,0.0,0.0030574264445232388,2.449313781578888,0.006870705808869504,0.006242197253433224,0,ADA/USDT,5m,1782127500000
1,0.010061182868796861,18,1,0.9000000000000259,0.6499999999999714,0.0999999999999792,0.002694691457828103,2.5910407306614287,0.0037868542061130217,0.0063728813559322806,0,SOL/USDT,5m,1782128100000
1,0.011867442901925688,10,13,0.5519713261648691,0.4516129032258214,0.3010752688172143,0.004411904234795555,1.2243932357905305,-0.01116462346760061,0.007359500446030287,0,LTC/USDT,15m,1782139500000
0,0.019583843329253333,22,3,0.4757281553397944,0.7928802588996681,0.453074433656967,0.005998485819113587,1.2248028261082553,-0.01801441152922334,-0.003385698808234028,0,SOL/USDT,15m,1782140400000
0,0.012017710309930506,24,1,0.6268656716417763,0.41791044776114555,0.41791044776120356,0.0030251038468484914,1.7399907121537384,-0.007528230865746388,-0.005031446540880502,0,ADA/USDT,5m,1782154800000
0,0.003964497041420096,11,10,0.8383233532934176,0.7507373313075382,0.192689248368953,0.0012443587365349176,1.4222034383985862,-0.0009954737054953533,-0.003574453825317181,0,BTC/USDT,5m,1782166800000
0,0.004819277108433789,12,2,0.6059225512529024,0.7972665148063806,0.9673500379650413,0.0015943499240958644,2.1464264655609524,-0.0027043929482953866,-0.0023840119031517393,0,BNB/USDT,5m,1782167400000
0,0.011385199240986693,8,2,1.1666666666666488,1.1666666666666488,0.19444444444447745,0.0032508578652699943,3.2314485777907787,-0.008150470219435713,-0.0037783375314860423,0,ADA/USDT,5m,1782167400000
1,0.005042444821731795,20,1,0.9577702702703192,0.7212837837837842,0.11824324324326754,0.001429126663592788,2.415267656580203,0.0018283702111088207,0.002388373196015925,1,BNB/USDT,5m,1782176400000
1,0.006495987772258331,7,1,0.6594202898550722,0.507246376811587,0.30434782608697025,0.0024957951277738413,1.810874806470027,0.004195270785659844,0.0039400101677682375,1,LINK/USDT,5m,1782177600000
0,0.00836820083682015,8,1,0.8901734104046056,0.809248554913286,1.4566473988439328,0.002192732296538551,2.885050074436399,-0.0035363805145434135,-0.002831106785809112,0,XRP/USDT,5m,1782179400000
0,0.006302877917841793,7,1,0.6529644268775009,0.42055335968378643,1.1731225296442,0.0015317625804326825,2.0589124249341912,-0.0032948094079481294,-0.0003389313494552848,0,BNB/USDT,5m,1782179400000
0,0.009534492428491404,10,1,0.7452471482889736,0.4258555133079741,1.011406844106448,0.002624802890277261,2.445476574761672,-0.0037583518930959237,-0.0033421529034954878,0,SOL/USDT,5m,1782179400000
0,0.009199615955311132,23,3,1.0608247422680497,0.7396907216494604,0.42938144329898426,0.001611820459817499,1.4339333317666245,-0.0018981720661050971,-0.005477439542833307,0,ETH/USDT,5m,1782191100000
0,0.01186623516720593,12,1,0.6222222222222253,0.31111111111111267,0.0,0.003463669950738902,1.7323155272797186,-0.0032223415682062218,-0.008547008547008517,0,DOT/USDT,5m,1782192300000
0,0.007673211464680575,50,9,0.6829268292682394,0.4552845528455199,0.11382113821144063,0.0019818890786632674,1.7366661065825966,0.002034358047016127,-0.004267744833782672,0,LTC/USDT,5m,1782194400000
1,0.007563636363636305,8,4,0.5431034482758842,0.4224137931034941,0.4224137931034083,0.0023954074257630125,1.199099950893962,-0.0005778676683038109,0.004501234209379978,1,SOL/USDT,5m,1782216000000
1,0.0026869056965891603,7,5,0.8655913978493995,1.1917562724013637,0.8154121863800531,0.0013880251735031287,0.8007856878150129,-0.0005568897706310638,0.004758738934182327,1,BNB/USDT,5m,1782217800000
0,0.005325333556025183,21,1,1.3043621399176542,1.2836213991769638,0.1774485596707976,0.0013936957691755415,3.8140109365571657,-0.0017601795447259594,-0.0013615566328977202,0,BTC/USDT,5m,1782219000000
0,0.006878355017741739,13,1,0.6546762589928508,0.3273381294964612,0.09757194244602545,0.0019259029618551816,1.5368400859150866,-0.002382636986508535,-0.006438285211818995,0,ETH/USDT,5m,1782220800000
1,0.008357604153476103,30,1,0.9688581314878579,0.8235294117646624,2.3252595155709934,0.0025933237616654484,6.447033288342969,0.00479676849280497,0.0015098137896327746,1,DOGE/USDT,5m,1782221400000
0,0.00790334302325575,16,9,1.3757225433526308,2.063583815028946,1.4566473988439514,0.0022412519918641235,5.012134878513779,0.0030928772855454145,-0.005322027782789118,0,XRP/USDT,5m,1782221400000
1,0.0016090837330741846,10,2,0.363636363636534,0.7636363636365398,1.236363636363691,0.0008341421984954912,0.9611418850696308,-0.0005153857814158558,0.0014276601561311608,0,TRX/USDT,5m,1782225300000
1,0.011173184357541908,15,1,1.1052631578947367,0.3684210526315789,0.0,0.0030058535041923773,2.3311654996910853,0.002219755826859071,0.0033333333333334103,0,DOT/USDT,5m,1782244800000
1,0.013238382178398574,13,1,1.0359408033826787,0.7103594080338781,0.7695560253699579,0.003054490035775641,2.364111101936404,0.0022653135193912988,0.003993827720795373,0,XRP/USDT,15m,1782252900000
1,0.02013422818791948,22,1,0.75,0.5,0.0,0.004390779363336996,0.7090781112009698,0.001098901098901095,0.009977827050997812,0,DOT/USDT,15m,1782252900000
1,0.007658922644881151,25,1,1.6688741721854141,1.390728476821157,0.0,0.0013668374459148863,1.691712430488621,0.003050718189907098,0.004071764855579696,0,DOGE/USDT,5m,1782252900000
1,0.010052447552447519,40,14,0.6260162601626036,0.5121951219512432,0.05691056910572065,0.002535193849578477,0.6038381477739957,-0.0021595162683557545,0.0015895953757225634,0,SOL/USDT,5m,1782256200000
1,0.011293311422677593,31,1,0.894117647058806,0.6666666666666794,0.6352941176471004,0.0022051574741867026,1.5441188983610006,0.0017672436197309072,0.00759806911454608,0,BNB/USDT,15m,1782258300000
1,0.00893163861216073,17,1,1.0840169028088518,1.0144171016654502,0.5237385036042735,0.003433815615282914,3.377712512598453,0.003411270983213477,0.006821668120432056,1,ETH/USDT,15m,1782264600000
1,0.005876503028659208,11,15,0.8896321070234428,0.4214046822742131,1.2173913043478306,0.001921297486248853,1.7409498846053517,0.0030680382602417122,0.0017121744615662404,1,XRP/USDT,5m,1782264600000
1,0.013100436681222615,64,13,0.5367412140574891,0.2683706070287644,0.0,0.0029225023342670372,1.1590598585031266,0.0035419126328217754,0.002752654345261618,1,LINK/USDT,5m,1782264900000
0,0.0073388441400562355,13,12,0.8378219911660045,0.1756635265605995,0.473908454833282,0.002917120394072929,1.8586077041812963,-0.0032301437652656473,0.0009731294821482273,0,BTC/USDT,15m,1782270900000
1,0.010617120106171137,9,13,0.6034482758620682,0.4827586206896679,0.12068965517240023,0.005443964708090871,0.5758735888949881,-0.0032743942370661028,0.00594844679444817,1,ADA/USDT,15m,1782271800000
1,0.003570550305476843,8,13,0.6984997856836298,0.49207029575653355,0.21603086155164888,0.001326145054917079,0.6040655130090066,0.0013993815944661758,0.001217463914305883,1,BTC/USDT,5m,1782282300000
0,0.014620342713409838,37,1,2.265560165975081,0.8132780082987153,1.6846473029045554,0.002695628830924797,6.67862962798572,-0.00421019803524092,-0.00730607803513128,1,AVAX/USDT,5m,1782286500000
1,0.006791533424699284,29,1,0.8558951965065524,0.764192139738072,0.15283842794758046,0.000989842230386866,2.913199088778736,0.004925808805643417,0.004040465413008398,0,TRX/USDT,15m,1782290700000
0,0.006438025752103019,26,1,0.7477131897314594,0.6609619356742946,0.041310120979696247,0.0014522513967581713,1.2840888583478913,-0.0011385631333258317,-0.003235104169158287,0,ETH/USDT,5m,1782293400000
0,0.008888888888888896,36,5,0.823529411764706,0.411764705882353,0.0,0.0026954177897574147,1.3264218892687125,0.0,-0.006615214994487362,0,DOT/USDT,5m,1782297300000
0,0.006610729722857953,24,5,0.5355191256830532,0.4590163934425412,0.4590163934425412,0.0016602856054145632,0.5263838163774418,-0.0003809040121889318,-0.005180692443770618,0,DOGE/USDT,5m,1782297300000
0,0.006370348921384277,13,5,0.513089005235553,0.2931937172774291,0.4397905759162478,0.0019743642753772966,0.6118658087315832,-0.0017336030049119877,-0.004609622587150808,0,SOL/USDT,5m,1782297300000
0,0.01715968754001785,32,1,0.8700564971751295,0.5932203389830927,0.2768361581920916,0.0032322273150600022,2.440579749580795,-0.006729304215337795,-0.009621471072287724,1,DOGE/USDT,15m,1782299700000
1,0.011033361447212694,34,4,1.8747036066392129,0.9091060360247812,1.0541203877033116,0.002730377209806425,5.314311735927847,0.00508875758558891,0.0021209600571112652,1,BTC/USDT,15m,1782301500000
1,0.013240476995123868,35,3,2.1475353326439133,2.0944501895898053,1.5523382741583593,0.00370323091259556,6.550735799085537,0.00754465571881302,0.002646008290427826,1,ETH/USDT,15m,1782301500000
1,0.008595609627082716,43,13,0.2745098039215698,0.13725490196080015,0.2745098039215698,0.003827033111340386,0.7419778201499179,-0.008076071382050243,0.0039551746868820015,1,LINK/USDT,5m,1782303000000
1,0.009739239710964543,36,8,0.4268292682926735,0.21341463414633674,0.042682926829282514,0.003648173688659522,0.6193981362823439,-0.003259351233897201,0.002654176424668142,0,AVAX/USDT,5m,1782303600000
1,0.0040865384615385025,12,2,0.7865168539325454,0.31460674157297347,0.3146067415730852,0.0015237638679632814,0.5467605576581424,0.0002397506593143639,-0.0014360938247965915,0,LTC/USDT,5m,1782376200000
0,0.006772009029345378,18,1,1.1199999999999999,0.5599999999999999,0.0,0.0020132066355290725,1.8950983646387873,-0.0011261261261261701,-0.004489337822671136,1,DOT/USDT,5m,1782378000000
